<?xml version="1.0" encoding="UTF-8"?>
<zabbix_export>
    <version>2.0</version>
    <date>2014-11-07T08:19:54Z</date>
    <groups>
        <group>
            <name>Servidores Apache</name>
        </group>
        <group>
            <name>Serviços</name>
        </group>
    </groups>
    <hosts>
        <host>
            <host>Apache_1</host>
            <name>Apache_1</name>
            <description/>
            <proxy/>
            <status>0</status>
            <ipmi_authtype>-1</ipmi_authtype>
            <ipmi_privilege>2</ipmi_privilege>
            <ipmi_username/>
            <ipmi_password/>
            <templates>
                <template>
                    <name>100_Linux</name>
                </template>
                <template>
                    <name>103_Apache</name>
                </template>
            </templates>
            <groups>
                <group>
                    <name>Servidores Apache</name>
                </group>
            </groups>
            <interfaces>
                <interface>
                    <default>1</default>
                    <type>1</type>
                    <useip>1</useip>
                    <ip>127.0.0.1</ip>
                    <dns/>
                    <port>10050</port>
                    <bulk>1</bulk>
                    <interface_ref>if1</interface_ref>
                </interface>
            </interfaces>
            <applications>
                <application>
                    <name>Randomico</name>
                </application>
            </applications>
            <items>
                <item>
                    <name>Usuários Simultâneos - Simulado</name>
                    <type>0</type>
                    <snmp_community/>
                    <multiplier>0</multiplier>
                    <snmp_oid/>
                    <key>randomico</key>
                    <delay>10</delay>
                    <history>90</history>
                    <trends>365</trends>
                    <status>0</status>
                    <value_type>3</value_type>
                    <allowed_hosts/>
                    <units/>
                    <delta>0</delta>
                    <snmpv3_contextname/>
                    <snmpv3_securityname/>
                    <snmpv3_securitylevel>0</snmpv3_securitylevel>
                    <snmpv3_authprotocol>0</snmpv3_authprotocol>
                    <snmpv3_authpassphrase/>
                    <snmpv3_privprotocol>0</snmpv3_privprotocol>
                    <snmpv3_privpassphrase/>
                    <formula>1</formula>
                    <delay_flex/>
                    <params/>
                    <ipmi_sensor/>
                    <data_type>0</data_type>
                    <authtype>0</authtype>
                    <username/>
                    <password/>
                    <publickey/>
                    <privatekey/>
                    <port/>
                    <description/>
                    <inventory_link>0</inventory_link>
                    <applications>
                        <application>
                            <name>Randomico</name>
                        </application>
                    </applications>
                    <valuemap/>
                    <logtimefmt/>
                    <interface_ref>if1</interface_ref>
                </item>
            </items>
            <discovery_rules/>
            <macros/>
            <inventory>
                <inventory_mode>1</inventory_mode>
                <type>Apache</type>
                <type_full/>
                <name/>
                <alias/>
                <os>Linux livro 2.6.32-431.23.3.el6.i686 #1 SMP Thu Jul 31 14:37:53 </os>
                <os_full/>
                <os_short/>
                <serialno_a/>
                <serialno_b/>
                <tag/>
                <asset_tag/>
                <macaddress_a/>
                <macaddress_b/>
                <hardware/>
                <hardware_full/>
                <software/>
                <software_full/>
                <software_app_a/>
                <software_app_b/>
                <software_app_c/>
                <software_app_d/>
                <software_app_e/>
                <contact/>
                <location/>
                <location_lat/>
                <location_lon/>
                <notes/>
                <chassis/>
                <model/>
                <hw_arch/>
                <vendor/>
                <contract_number/>
                <installer_name/>
                <deployment_status/>
                <url_a/>
                <url_b/>
                <url_c/>
                <host_networks/>
                <host_netmask/>
                <host_router/>
                <oob_ip/>
                <oob_netmask/>
                <oob_router/>
                <date_hw_purchase/>
                <date_hw_install/>
                <date_hw_expiry/>
                <date_hw_decomm/>
                <site_address_a/>
                <site_address_b/>
                <site_address_c/>
                <site_city/>
                <site_state/>
                <site_country/>
                <site_zip/>
                <site_rack/>
                <site_notes/>
                <poc_1_name/>
                <poc_1_email/>
                <poc_1_phone_a/>
                <poc_1_phone_b/>
                <poc_1_cell/>
                <poc_1_screen/>
                <poc_1_notes/>
                <poc_2_name/>
                <poc_2_email/>
                <poc_2_phone_a/>
                <poc_2_phone_b/>
                <poc_2_cell/>
                <poc_2_screen/>
                <poc_2_notes/>
            </inventory>
        </host>
        <host>
            <host>Apache_2</host>
            <name>Apache_2</name>
            <description/>
            <proxy/>
            <status>0</status>
            <ipmi_authtype>-1</ipmi_authtype>
            <ipmi_privilege>2</ipmi_privilege>
            <ipmi_username/>
            <ipmi_password/>
            <templates>
                <template>
                    <name>100_Linux</name>
                </template>
                <template>
                    <name>103_Apache</name>
                </template>
            </templates>
            <groups>
                <group>
                    <name>Servidores Apache</name>
                </group>
            </groups>
            <interfaces>
                <interface>
                    <default>1</default>
                    <type>1</type>
                    <useip>1</useip>
                    <ip>127.0.0.1</ip>
                    <dns/>
                    <port>10050</port>
                    <bulk>1</bulk>
                    <interface_ref>if1</interface_ref>
                </interface>
            </interfaces>
            <applications>
                <application>
                    <name>Randomico</name>
                </application>
            </applications>
            <items>
                <item>
                    <name>Usuários Simultâneos - Simulado</name>
                    <type>0</type>
                    <snmp_community/>
                    <multiplier>0</multiplier>
                    <snmp_oid/>
                    <key>randomico</key>
                    <delay>10</delay>
                    <history>90</history>
                    <trends>365</trends>
                    <status>0</status>
                    <value_type>3</value_type>
                    <allowed_hosts/>
                    <units/>
                    <delta>0</delta>
                    <snmpv3_contextname/>
                    <snmpv3_securityname/>
                    <snmpv3_securitylevel>0</snmpv3_securitylevel>
                    <snmpv3_authprotocol>0</snmpv3_authprotocol>
                    <snmpv3_authpassphrase/>
                    <snmpv3_privprotocol>0</snmpv3_privprotocol>
                    <snmpv3_privpassphrase/>
                    <formula>1</formula>
                    <delay_flex/>
                    <params/>
                    <ipmi_sensor/>
                    <data_type>0</data_type>
                    <authtype>0</authtype>
                    <username/>
                    <password/>
                    <publickey/>
                    <privatekey/>
                    <port/>
                    <description/>
                    <inventory_link>0</inventory_link>
                    <applications>
                        <application>
                            <name>Randomico</name>
                        </application>
                    </applications>
                    <valuemap/>
                    <logtimefmt/>
                    <interface_ref>if1</interface_ref>
                </item>
            </items>
            <discovery_rules/>
            <macros/>
            <inventory>
                <inventory_mode>1</inventory_mode>
                <type>Apache</type>
                <type_full/>
                <name/>
                <alias/>
                <os>Linux livro 2.6.32-431.23.3.el6.i686 #1 SMP Thu Jul 31 14:37:53 </os>
                <os_full/>
                <os_short/>
                <serialno_a/>
                <serialno_b/>
                <tag/>
                <asset_tag/>
                <macaddress_a/>
                <macaddress_b/>
                <hardware/>
                <hardware_full/>
                <software/>
                <software_full/>
                <software_app_a/>
                <software_app_b/>
                <software_app_c/>
                <software_app_d/>
                <software_app_e/>
                <contact/>
                <location/>
                <location_lat/>
                <location_lon/>
                <notes/>
                <chassis/>
                <model/>
                <hw_arch/>
                <vendor/>
                <contract_number/>
                <installer_name/>
                <deployment_status/>
                <url_a/>
                <url_b/>
                <url_c/>
                <host_networks/>
                <host_netmask/>
                <host_router/>
                <oob_ip/>
                <oob_netmask/>
                <oob_router/>
                <date_hw_purchase/>
                <date_hw_install/>
                <date_hw_expiry/>
                <date_hw_decomm/>
                <site_address_a/>
                <site_address_b/>
                <site_address_c/>
                <site_city/>
                <site_state/>
                <site_country/>
                <site_zip/>
                <site_rack/>
                <site_notes/>
                <poc_1_name/>
                <poc_1_email/>
                <poc_1_phone_a/>
                <poc_1_phone_b/>
                <poc_1_cell/>
                <poc_1_screen/>
                <poc_1_notes/>
                <poc_2_name/>
                <poc_2_email/>
                <poc_2_phone_a/>
                <poc_2_phone_b/>
                <poc_2_cell/>
                <poc_2_screen/>
                <poc_2_notes/>
            </inventory>
        </host>
        <host>
            <host>Consulta_Agregada</host>
            <name>Inscricoes</name>
            <description/>
            <proxy/>
            <status>0</status>
            <ipmi_authtype>-1</ipmi_authtype>
            <ipmi_privilege>2</ipmi_privilege>
            <ipmi_username/>
            <ipmi_password/>
            <templates/>
            <groups>
                <group>
                    <name>Serviços</name>
                </group>
            </groups>
            <interfaces>
                <interface>
                    <default>1</default>
                    <type>1</type>
                    <useip>1</useip>
                    <ip>127.0.0.1</ip>
                    <dns/>
                    <port>10050</port>
                    <bulk>1</bulk>
                    <interface_ref>if1</interface_ref>
                </interface>
            </interfaces>
            <applications>
                <application>
                    <name>Consumo rede</name>
                </application>
                <application>
                    <name>Randomico</name>
                </application>
            </applications>
            <items>
                <item>
                    <name>Banda total de entrada</name>
                    <type>8</type>
                    <snmp_community/>
                    <multiplier>0</multiplier>
                    <snmp_oid/>
                    <key>grpavg[&quot;Servidores Apache&quot;,&quot;net.if.in[eth0]&quot;,last,10m]</key>
                    <delay>600</delay>
                    <history>90</history>
                    <trends>365</trends>
                    <status>0</status>
                    <value_type>0</value_type>
                    <allowed_hosts/>
                    <units>B</units>
                    <delta>0</delta>
                    <snmpv3_contextname/>
                    <snmpv3_securityname/>
                    <snmpv3_securitylevel>0</snmpv3_securitylevel>
                    <snmpv3_authprotocol>0</snmpv3_authprotocol>
                    <snmpv3_authpassphrase/>
                    <snmpv3_privprotocol>0</snmpv3_privprotocol>
                    <snmpv3_privpassphrase/>
                    <formula>1</formula>
                    <delay_flex/>
                    <params/>
                    <ipmi_sensor/>
                    <data_type>0</data_type>
                    <authtype>0</authtype>
                    <username/>
                    <password/>
                    <publickey/>
                    <privatekey/>
                    <port/>
                    <description/>
                    <inventory_link>0</inventory_link>
                    <applications>
                        <application>
                            <name>Consumo rede</name>
                        </application>
                    </applications>
                    <valuemap/>
                    <logtimefmt/>
                </item>
                <item>
                    <name>Banda total de saída</name>
                    <type>8</type>
                    <snmp_community/>
                    <multiplier>0</multiplier>
                    <snmp_oid/>
                    <key>grpavg[&quot;Servidores Apache&quot;,&quot;net.if.out[eth0]&quot;,last,10m]</key>
                    <delay>600</delay>
                    <history>90</history>
                    <trends>365</trends>
                    <status>0</status>
                    <value_type>0</value_type>
                    <allowed_hosts/>
                    <units>B</units>
                    <delta>0</delta>
                    <snmpv3_contextname/>
                    <snmpv3_securityname/>
                    <snmpv3_securitylevel>0</snmpv3_securitylevel>
                    <snmpv3_authprotocol>0</snmpv3_authprotocol>
                    <snmpv3_authpassphrase/>
                    <snmpv3_privprotocol>0</snmpv3_privprotocol>
                    <snmpv3_privpassphrase/>
                    <formula>1</formula>
                    <delay_flex/>
                    <params/>
                    <ipmi_sensor/>
                    <data_type>0</data_type>
                    <authtype>0</authtype>
                    <username/>
                    <password/>
                    <publickey/>
                    <privatekey/>
                    <port/>
                    <description/>
                    <inventory_link>0</inventory_link>
                    <applications>
                        <application>
                            <name>Consumo rede</name>
                        </application>
                    </applications>
                    <valuemap/>
                    <logtimefmt/>
                </item>
                <item>
                    <name>Consulta agregada de quantidade de usuários no Apache</name>
                    <type>8</type>
                    <snmp_community/>
                    <multiplier>0</multiplier>
                    <snmp_oid/>
                    <key>grpsum[&quot;Servidores Apache&quot;,&quot;randomico&quot;,last,5m]</key>
                    <delay>300</delay>
                    <history>90</history>
                    <trends>365</trends>
                    <status>0</status>
                    <value_type>0</value_type>
                    <allowed_hosts/>
                    <units/>
                    <delta>0</delta>
                    <snmpv3_contextname/>
                    <snmpv3_securityname/>
                    <snmpv3_securitylevel>0</snmpv3_securitylevel>
                    <snmpv3_authprotocol>0</snmpv3_authprotocol>
                    <snmpv3_authpassphrase/>
                    <snmpv3_privprotocol>0</snmpv3_privprotocol>
                    <snmpv3_privpassphrase/>
                    <formula>1</formula>
                    <delay_flex/>
                    <params/>
                    <ipmi_sensor/>
                    <data_type>0</data_type>
                    <authtype>0</authtype>
                    <username/>
                    <password/>
                    <publickey/>
                    <privatekey/>
                    <port/>
                    <description/>
                    <inventory_link>0</inventory_link>
                    <applications>
                        <application>
                            <name>Randomico</name>
                        </application>
                    </applications>
                    <valuemap/>
                    <logtimefmt/>
                </item>
                <item>
                    <name>Consulta agregada de quantidade de usuários no MySQL</name>
                    <type>8</type>
                    <snmp_community/>
                    <multiplier>0</multiplier>
                    <snmp_oid/>
                    <key>grpsum[&quot;Servidores MySQL&quot;,&quot;randomico&quot;,last,5m]</key>
                    <delay>300</delay>
                    <history>90</history>
                    <trends>365</trends>
                    <status>0</status>
                    <value_type>0</value_type>
                    <allowed_hosts/>
                    <units/>
                    <delta>0</delta>
                    <snmpv3_contextname/>
                    <snmpv3_securityname/>
                    <snmpv3_securitylevel>0</snmpv3_securitylevel>
                    <snmpv3_authprotocol>0</snmpv3_authprotocol>
                    <snmpv3_authpassphrase/>
                    <snmpv3_privprotocol>0</snmpv3_privprotocol>
                    <snmpv3_privpassphrase/>
                    <formula>1</formula>
                    <delay_flex/>
                    <params/>
                    <ipmi_sensor/>
                    <data_type>0</data_type>
                    <authtype>0</authtype>
                    <username/>
                    <password/>
                    <publickey/>
                    <privatekey/>
                    <port/>
                    <description/>
                    <inventory_link>0</inventory_link>
                    <applications>
                        <application>
                            <name>Randomico</name>
                        </application>
                    </applications>
                    <valuemap/>
                    <logtimefmt/>
                </item>
            </items>
            <discovery_rules/>
            <macros/>
            <inventory/>
        </host>
    </hosts>
    <triggers>
        <trigger>
            <expression>{Consulta_Agregada:grpsum[&quot;Servidores Apache&quot;,&quot;randomico&quot;,last,5m].last()}&gt;70</expression>
            <name>Apache - Usuarios acima do projetado</name>
            <url/>
            <status>0</status>
            <priority>1</priority>
            <description/>
            <type>0</type>
            <dependencies>
                <dependency>
                    <name>Apache - Usuarios acima do projetado para o banco</name>
                    <expression>{Consulta_Agregada:grpsum[&quot;Servidores Apache&quot;,&quot;randomico&quot;,last,5m].last()}&gt;100</expression>
                </dependency>
            </dependencies>
        </trigger>
        <trigger>
            <expression>{Consulta_Agregada:grpsum[&quot;Servidores Apache&quot;,&quot;randomico&quot;,last,5m].last()}&gt;100</expression>
            <name>Apache - Usuarios acima do projetado para o banco</name>
            <url/>
            <status>0</status>
            <priority>1</priority>
            <description/>
            <type>0</type>
            <dependencies/>
        </trigger>
        <trigger>
            <expression>{Consulta_Agregada:grpsum[&quot;Servidores MySQL&quot;,&quot;randomico&quot;,last,5m].last()}&gt;100</expression>
            <name>MySQL - Usuarios acima do projetado</name>
            <url/>
            <status>0</status>
            <priority>1</priority>
            <description/>
            <type>0</type>
            <dependencies/>
        </trigger>
    </triggers>
    <graphs>
        <graph>
            <name>Comparativo de carga nas Inscrições</name>
            <width>900</width>
            <height>200</height>
            <yaxismin>0.0000</yaxismin>
            <yaxismax>100.0000</yaxismax>
            <show_work_period>1</show_work_period>
            <show_triggers>1</show_triggers>
            <type>0</type>
            <show_legend>1</show_legend>
            <show_3d>0</show_3d>
            <percent_left>0.0000</percent_left>
            <percent_right>0.0000</percent_right>
            <ymin_type_1>0</ymin_type_1>
            <ymax_type_1>0</ymax_type_1>
            <ymin_item_1>0</ymin_item_1>
            <ymax_item_1>0</ymax_item_1>
            <graph_items>
                <graph_item>
                    <sortorder>0</sortorder>
                    <drawtype>5</drawtype>
                    <color>00C800</color>
                    <yaxisside>0</yaxisside>
                    <calc_fnc>4</calc_fnc>
                    <type>0</type>
                    <item>
                        <host>Consulta_Agregada</host>
                        <key>grpsum[&quot;Servidores Apache&quot;,&quot;randomico&quot;,last,5m]</key>
                    </item>
                </graph_item>
                <graph_item>
                    <sortorder>1</sortorder>
                    <drawtype>0</drawtype>
                    <color>C80000</color>
                    <yaxisside>0</yaxisside>
                    <calc_fnc>2</calc_fnc>
                    <type>0</type>
                    <item>
                        <host>Apache_1</host>
                        <key>randomico</key>
                    </item>
                </graph_item>
                <graph_item>
                    <sortorder>2</sortorder>
                    <drawtype>0</drawtype>
                    <color>0000C8</color>
                    <yaxisside>0</yaxisside>
                    <calc_fnc>2</calc_fnc>
                    <type>0</type>
                    <item>
                        <host>Apache_2</host>
                        <key>randomico</key>
                    </item>
                </graph_item>
            </graph_items>
        </graph>
    </graphs>
</zabbix_export>
