<?xml version="1.0" encoding="UTF-8"?>
<zabbix_export>
    <version>2.0</version>
    <date>2014-11-06T07:36:40Z</date>
    <groups>
        <group>
            <name>Zabbix servers</name>
        </group>
    </groups>
    <hosts>
        <host>
            <host>host_trapper</host>
            <name>host_trapper</name>
            <description/>
            <proxy/>
            <status>0</status>
            <ipmi_authtype>-1</ipmi_authtype>
            <ipmi_privilege>2</ipmi_privilege>
            <ipmi_username/>
            <ipmi_password/>
            <templates>
                <template>
                    <name>803_Zabbix_Trapper</name>
                </template>
            </templates>
            <groups>
                <group>
                    <name>Zabbix servers</name>
                </group>
            </groups>
            <interfaces>
                <interface>
                    <default>1</default>
                    <type>1</type>
                    <useip>1</useip>
                    <ip>127.0.0.1</ip>
                    <dns/>
                    <port>10050</port>
                    <bulk>1</bulk>
                    <interface_ref>if1</interface_ref>
                </interface>
            </interfaces>
            <applications/>
            <items/>
            <discovery_rules/>
            <macros/>
            <inventory/>
        </host>
    </hosts>
</zabbix_export>
